{
  "test_metrics": {
    "accuracy": 1.0,
    "precision": 1.0,
    "recall": 1.0,
    "f1": 1.0,
    "auc_roc": 1.0,
    "true_negatives": 2,
    "false_positives": 0,
    "false_negatives": 0,
    "true_positives": 2,
    "specificity": 1.0,
    "false_positive_rate": 0.0,
    "false_negative_rate": 0.0
  },
  "training_history": {
    "train_loss": [
      0.631467878818512,
      0.484609991312027,
      0.2915065586566925,
      0.26073285937309265,
      0.18617941439151764,
      0.13712888956069946
    ],
    "val_loss": [
      0.5769797563552856,
      0.46893006563186646,
      0.40085577964782715,
      0.3471084535121918,
      0.2947065532207489,
      0.26366305351257324
    ],
    "train_f1": [
      0.5,
      0.9090909090909091,
      1.0,
      1.0,
      1.0,
      1.0
    ],
    "val_f1": [
      1.0,
      1.0,
      1.0,
      1.0,
      1.0,
      1.0
    ],
    "train_accuracy": [
      0.6363636363636364,
      0.9090909090909091,
      1.0,
      1.0,
      1.0,
      1.0
    ],
    "val_accuracy": [
      1.0,
      1.0,
      1.0,
      1.0,
      1.0,
      1.0
    ],
    "train_precision": [
      1.0,
      1.0,
      1.0,
      1.0,
      1.0,
      1.0
    ],
    "val_precision": [
      1.0,
      1.0,
      1.0,
      1.0,
      1.0,
      1.0
    ],
    "train_recall": [
      0.3333333333333333,
      0.8333333333333334,
      1.0,
      1.0,
      1.0,
      1.0
    ],
    "val_recall": [
      1.0,
      1.0,
      1.0,
      1.0,
      1.0,
      1.0
    ],
    "learning_rate": [
      0.001,
      0.001,
      0.001,
      0.001,
      0.001,
      0.0005
    ],
    "epoch_times": [
      5.176397085189819,
      5.083136081695557,
      3.342665672302246,
      2.5788774490356445,
      2.024280071258545,
      2.194201946258545
    ]
  },
  "best_val_f1": 1.0,
  "final_val_f1": 1.0,
  "training_time": 20.399558305740356,
  "num_epochs": 6,
  "timestamp": "2025-10-25T11:47:45.689445",
  "device": "cpu"
}